iter	RMSE
0	0.4759581606
50	0.3029229977
100	0.2043325037
150	0.1515321623
200	0.1254082586
250	0.1129178373
300	0.1068112465
350	0.1034663725
