iter	RMSE
0	0.9852090195
50	0.741171078
