iter	RMSE
0	0.985820457
50	0.7711686695
