iter	RMSE
0	0.9907163053
50	0.7341199891
100	0.6027220547
150	0.5372616116
200	0.5028639083
250	0.482935339
300	0.4693696082
350	0.4594816885
400	0.4514359134
