iter	RMSE
0	0.9907175555
50	0.7344390281
100	0.6032071718
150	0.537680465
200	0.5031374694
250	0.4831743845
300	0.4693421509
