iter	RMSE
0	0.9855931527
50	0.7691414078
100	0.6544637475
