iter	RMSE
0	0.9850024895
50	0.7437975735
