iter	RMSE
0	0.4759278174
50	0.3017931824
100	0.2017948902
150	0.1473802722
200	0.1197932978
250	0.106363563
300	0.09961320496
350	0.09574377683
