iter	RMSE
0	0.5212946226
50	0.3284092516
100	0.2168273187
150	0.1556194549
200	0.1243597596
